"Dataset","Target","Model","Mean_RMSE","Mean_Coverage_Q_80","Mean_Width_Q_80","Mean_Coverage_Q_90","Mean_Width_Q_90","Mean_Coverage_Q_95","Mean_Width_Q_95","Mean_Coverage_HPD_80","Mean_Width_HPD_80","Mean_Coverage_HPD_90","Mean_Width_HPD_90","Mean_Coverage_HPD_95","Mean_Width_HPD_95","Mean_CRPS","Median_CRPS","Mean_Runtime"
"bikesharing","windspeed","drbart",0.122657739237999,0.778132135544952,0.203741472727531,0.894720448372954,0.270580795452067,0.956553705193589,0.331213633196115,NA,NA,NA,NA,NA,NA,NA,NA,24070.1623
"forestfires","area","drbart",45.1949645754312,0.833710407239819,26.2530600041688,0.895588235294118,57.3881657958743,0.938197586726998,106.538344662938,NA,NA,NA,NA,NA,NA,NA,NA,573.136500000005
"parkinsons","DFA","drbart",0.0260442155439541,0.76817873657129,0.0591954367478211,0.879492171655715,0.0762882750372956,0.932067755325118,0.0913365469722302,NA,NA,NA,NA,NA,NA,NA,NA,1161.6233
