"Dataset","Target","Model","Mean_RMSE","Mean_Coverage_Q_80","Mean_Width_Q_80","Mean_Coverage_Q_90","Mean_Width_Q_90","Mean_Coverage_Q_95","Mean_Width_Q_95","Mean_Coverage_HPD_80","Mean_Width_HPD_80","Mean_Coverage_HPD_90","Mean_Width_HPD_90","Mean_Coverage_HPD_95","Mean_Width_HPD_95","Mean_CRPS","Median_CRPS","Mean_Runtime"
"energy","cooling_load","sblm",2.36789956374328,0.786363636363636,6.04003095365966,0.898410799726589,7.84159841236905,0.944002050580998,9.58831090129661,0.761654135338346,5.25840896187593,0.852717019822283,7.10715323908101,0.933595352016405,8.85768514165748,9.40219900862941,9.05151746826531,0.4434
"energy","heating_load","sblm",2.11599761483962,0.838533834586466,5.55391292075272,0.908817498291183,7.12950141343619,0.936192754613807,8.48371616061838,0.803366370471634,4.81011447333547,0.882826384142174,6.45167098985869,0.930980861244019,7.88418851744389,10.1636640185358,9.71340960622449,0.4281
