"Dataset","Target","Model","Mean_RMSE","Mean_Coverage_Q_80","Mean_Width_Q_80","Mean_Coverage_Q_90","Mean_Width_Q_90","Mean_Coverage_Q_95","Mean_Width_Q_95","Mean_Coverage_HPD_80","Mean_Width_HPD_80","Mean_Coverage_HPD_90","Mean_Width_HPD_90","Mean_Coverage_HPD_95","Mean_Width_HPD_95","Mean_CRPS","Median_CRPS","Mean_Runtime"
"parkinsons","DFA","bart",0.0734362191443237,0.277689496038553,0.0515091672416621,0.349145167500963,0.0656070603770305,0.405349908402469,0.0774977266603857,0.272903437532818,0.0507302368910175,0.344926167722664,0.0648308909650475,0.401929207360474,0.0767122212430015,0.211630122658287,0.193493732444158,34.4020899999986
"parkinsons","DFA","bart_bc",0.0866933941868943,0.803536685686281,0.269672624582005,0.887095862358666,0.34585672607512,0.931983349085775,0.409303566099578,0.788930117501546,0.246572312430878,0.882684974504382,0.3263262088319,0.930195155249064,0.392586254725999,0.19352467151032,0.171866496551646,98.8694899999997
"parkinsons","DFA","sblm",0.150648119014624,0.812080810025554,0.410272965962909,0.90568406436331,0.501915947596555,0.948577525349763,0.570886090818629,0.80747211234408,0.386340472857506,0.90389616223848,0.480818207750794,0.945428933151305,0.552750329374599,0.142690286418389,0.127150522206707,12.8367900000009
"parkinsons","DFA","sebart",0.0822204245817428,0.809324686993151,0.260798922232606,0.888337504813246,0.322149150028292,0.93016230849115,0.370191113234789,0.755756000513413,0.224198924790812,0.875627005519189,0.295717816828147,0.928970665453145,0.350987669917506,0.185612508205473,0.170314488429853,188.02981
