"Dataset","Target","Model","Mean_RMSE","Mean_Coverage_Q_80","Mean_Width_Q_80","Mean_Coverage_Q_90","Mean_Width_Q_90","Mean_Coverage_Q_95","Mean_Width_Q_95","Mean_Coverage_HPD_80","Mean_Width_HPD_80","Mean_Coverage_HPD_90","Mean_Width_HPD_90","Mean_Coverage_HPD_95","Mean_Width_HPD_95","Mean_CRPS","Median_CRPS","Mean_Runtime"
"bikesharing","windspeed","bart",0.103525102414479,0.258455450418132,0.0473551731458203,0.319109001737716,0.0601996530286869,0.366833276690298,0.0710059616414374,0.254531167913145,0.0466592749477943,0.315696924647538,0.0595191145680359,0.364151954383475,0.0703180639954105,0.127389650741671,0.113124404995281,112.22087
"bikesharing","windspeed","bart_bc",0.110354911342574,0.870913191732369,0.397952817688111,0.923108380983045,0.498003011959043,0.946136156607725,0.572466696135108,0.837234571066472,0.355336010762743,0.91574305725319,0.469207603038415,0.946441167760772,0.553682804355886,0.111343164029046,0.0956360009246585,157.104
"bikesharing","windspeed","sblm",0.132173575602828,0.807342285582923,0.308467583550867,0.90916057008731,0.400949753554556,0.955757025889511,0.472020494891488,0.777478676050198,0.277465797589823,0.880522424348423,0.364793257664561,0.935036678849888,0.429167896976994,0.0867686544516717,0.0837790632170184,4.71340999999996
"bikesharing","windspeed","sebart",0.104548750249161,0.816324284359964,0.244381447737099,0.890062757833467,0.306181270925679,0.931210050925733,0.355369315426544,0.791783192321987,0.224856638797382,0.875712208329772,0.285720061943296,0.921802113083349,0.33827444151419,0.101036606804721,0.0902055200209036,310.30786
