"Dataset","Target","Model","Mean_RMSE","Mean_Coverage_Q_80","Mean_Width_Q_80","Mean_Coverage_Q_90","Mean_Width_Q_90","Mean_Coverage_Q_95","Mean_Width_Q_95","Mean_Coverage_HPD_80","Mean_Width_HPD_80","Mean_Coverage_HPD_90","Mean_Width_HPD_90","Mean_Coverage_HPD_95","Mean_Width_HPD_95","Mean_CRPS","Median_CRPS","Mean_Runtime"
"forestfires","area","sblm",63.6509309280898,0.880077369439072,17.3930106975092,0.914893617021277,29.3779582757668,0.943907156673114,41.61106524099,0.818181818181818,9.69845024276635,0.880077369439072,17.5009836971539,0.918762088974855,29.6093265700864,11.7244049978297,11.7177472553061,0.81
