"Dataset","Target","Model","Mean_RMSE","Mean_Coverage_Q_80","Mean_Width_Q_80","Mean_Coverage_Q_90","Mean_Width_Q_90","Mean_Coverage_Q_95","Mean_Width_Q_95","Mean_Coverage_HPD_80","Mean_Width_HPD_80","Mean_Coverage_HPD_90","Mean_Width_HPD_90","Mean_Coverage_HPD_95","Mean_Width_HPD_95","Mean_CRPS","Median_CRPS","Mean_Runtime"
"bikesharing","windspeed","bart",0.0831629320394479,0.26601070257207,0.0390039506853448,0.327349099487888,0.0496516883987655,0.376201162322343,0.0586317036792152,0.261464986477933,0.0384239426980718,0.325335174636055,0.0490757764143805,0.372633638299097,0.058058344734535,0.109202073171958,0.0970414118142853,43.156
"bikesharing","windspeed","sebart",0.0847283910751961,0.833592266528569,0.206350774497957,0.904309799182922,0.258726178945215,0.943264859888371,0.300583081267244,0.807814028425111,0.190107818910667,0.891535761551298,0.241174290055164,0.934518671960412,0.286060283774508,0.0862790194350453,0.076735389587174,166.196
