"Model","RMSE","Mean_CRPS","Median_CRPS","Runtime","Coverage_Q_80","Width_Q_80","Coverage_HPD_80","Width_HPD_80","Coverage_Q_90","Width_Q_90","Coverage_HPD_90","Width_HPD_90","Coverage_Q_95","Width_Q_95","Coverage_HPD_95","Width_HPD_95","Repeat","Fold","Dataset","Target"
"sebart",0.0847283910751961,0.0862790194350453,0.076735389587174,166.196,0.833592266528569,0.206350774497957,0.807814028425111,0.190107818910667,0.904309799182922,0.258726178945215,0.891535761551298,0.241174290055164,0.943264859888371,0.300583081267244,0.934518671960412,0.286060283774508,1,1,"bikesharing","windspeed"
"bart",0.0831629320394479,0.109202073171958,0.0970414118142853,43.156,0.26601070257207,0.0390039506853448,0.261464986477933,0.0384239426980718,0.327349099487888,0.0496516883987655,0.325335174636055,0.0490757764143805,0.376201162322343,0.0586317036792152,0.372633638299097,0.058058344734535,1,1,"bikesharing","windspeed"
