"Dataset","Target","Model","Mean_RMSE","Mean_Coverage_Q_80","Mean_Width_Q_80","Mean_Coverage_Q_90","Mean_Width_Q_90","Mean_Coverage_Q_95","Mean_Width_Q_95","Mean_Coverage_HPD_80","Mean_Width_HPD_80","Mean_Coverage_HPD_90","Mean_Width_HPD_90","Mean_Coverage_HPD_95","Mean_Width_HPD_95","Mean_CRPS","Median_CRPS","Mean_Runtime"
"forestfires","area","bart",68.3324867922846,0.762637362637363,48.4883488516603,0.822252747252747,62.854800065111,0.853021978021978,75.2070647432533,0.760714285714286,47.6057384436123,0.818406593406593,61.6232299049559,0.854945054945055,74.2875227868642,23.1997602679333,10.7542125025849,0.7138
"forestfires","area","sebart",44.2907009403865,0.872252747252747,18.1959774392274,0.910832025117739,30.0849525012686,0.93787284144427,43.4253552619008,0.824175824175824,9.948862998113,0.874175824175824,18.3433711169783,0.910832025117739,30.4184602540317,11.5387119575012,7.86911046065657,4.5537
