"Dataset","Target","Model","Mean_RMSE","Mean_Coverage_Q_80","Mean_Width_Q_80","Mean_Coverage_Q_90","Mean_Width_Q_90","Mean_Coverage_Q_95","Mean_Width_Q_95","Mean_Coverage_HPD_80","Mean_Width_HPD_80","Mean_Coverage_HPD_90","Mean_Width_HPD_90","Mean_Coverage_HPD_95","Mean_Width_HPD_95","Mean_CRPS","Median_CRPS","Mean_Runtime"
"parkinsons","DFA","sblm",0.052760292539849,0.813617021276596,0.144297794834564,0.907914893617021,0.176576454511507,0.949787234042553,0.200849824491533,0.813617021276596,0.135929128024316,0.905021276595745,0.169115396231003,0.943659574468085,0.194510482640035,0.0501460895086128,0.044772831195306,7.695
