"Dataset","Target","Model","Mean_RMSE","Mean_Coverage_Q_80","Mean_Width_Q_80","Mean_Coverage_Q_90","Mean_Width_Q_90","Mean_Coverage_Q_95","Mean_Width_Q_95","Mean_Coverage_HPD_80","Mean_Width_HPD_80","Mean_Coverage_HPD_90","Mean_Width_HPD_90","Mean_Coverage_HPD_95","Mean_Width_HPD_95","Mean_CRPS","Median_CRPS","Mean_Runtime"
"bikesharing","windspeed","sblm",0.112336417565381,0.809367627596525,0.262446150984475,0.908337648886587,0.341124598130984,0.955405949709419,0.401415806521124,0.776051556476207,0.235935575307285,0.881293515161977,0.310414028190251,0.935094079060936,0.365040837933654,0.073800657218955,0.0709093941227274,20.566
