"Dataset","Target","Model","Mean_RMSE","Mean_Coverage_Q_80","Mean_Width_Q_80","Mean_Coverage_Q_90","Mean_Width_Q_90","Mean_Coverage_Q_95","Mean_Width_Q_95","Mean_Coverage_HPD_80","Mean_Width_HPD_80","Mean_Coverage_HPD_90","Mean_Width_HPD_90","Mean_Coverage_HPD_95","Mean_Width_HPD_95","Mean_CRPS","Median_CRPS","Mean_Runtime"
"forestfires","area","bart",0.064331375709022,0.756267660910518,0.0442051000234755,0.824085557299843,0.057125467390485,0.861762166405024,0.0683488482057137,0.758347723704867,0.0433344635700633,0.82675431711146,0.0562280255055129,0.862158555729984,0.0675090019052752,0.020561791338535,0.0107073669547001,0.67678
"forestfires","area","bart_bc",0.103998324250239,0.879964678178964,0.119389519549041,0.889819466248038,0.137963914345427,0.899132653061224,0.152577925663095,0.862311616954474,0.115496813399847,0.883053375196232,0.135233947262518,0.892547095761381,0.150203133042751,0.044082082524397,0.0195471318355234,1.89949
"forestfires","area","sblm",0.0420839078496441,0.872782574568289,0.0156927796255771,0.908402668759812,0.0264972471360107,0.934277864992151,0.0375955653304961,0.803622448979592,0.00871571529925416,0.873167189952904,0.0158281983551779,0.908979591836735,0.0267907448276998,0.0105804159795132,0.0081264525227329,2.78498999999999
"forestfires","area","sebart",0.0422260570908012,0.873155416012559,0.016736709942608,0.907044740973312,0.0277613971195914,0.935647566718995,0.0396594250886733,0.818740188383046,0.00912624256161609,0.874128728414443,0.0168744045235982,0.907813971742543,0.0280624552072408,0.0106097672754651,0.00816872553113549,4.01571000000001
