"Scenario","Model","N_train","Mean_RMSE","Coverage_Q_80","Width_Q_80","Coverage_Q_90","Width_Q_90","Coverage_Q_95","Width_Q_95","Coverage_HPD_80","Width_HPD_80","Coverage_HPD_90","Width_HPD_90","Coverage_HPD_95","Width_HPD_95","Mean_CRPS","Median_CRPS","Mean_Runtime"
"sigmoid","bart",200,5.59466602354359,0.368,4.95535220905579,0.45,6.37040379402342,0.511,7.58781123802666,0.365,4.90772334710278,0.439,6.31476358687907,0.509,7.52630558736542,5.78928860615382,5.43595994314295,1.108
"sigmoid","bart_bc",200,8.79158251506786,0.832,34.6034193529823,0.895,47.864730377912,0.918,61.4645948611338,0.832,26.5462640399109,0.95,37.9089296062259,0.986,50.1798202575971,7.38094285312888,6.63999789966281,2.307
"sigmoid","sblm",200,6.8078317387658,0.852,12.190853381117,0.943,14.9969686580745,0.971,16.9801478969982,0.766,8.44388871604998,0.896,12.2287656706394,0.953,15.0567002054723,4.40051366172126,4.09620331003669,2.11
"sigmoid","sebart",200,4.9513774898396,0.841,10.0203918006471,0.921,12.0286392854676,0.949,13.4762691864824,0.868,7.40540428350682,0.945,10.1072120183036,0.967,12.0869988649187,5.51040736526423,4.63237873995864,4.598
